{"cameraMode":{"drawMode":0,"name":"Shaded","section":"Shading Mode"},"sceneLighting":false,"audioPlay":false,"sceneViewState":{"showFog":true,"showMaterialUpdate":false,"showSkybox":false,"showFlares":true,"showImageEffects":true,"showParticleSystems":true},"in2DMode":false,"pivot":{"x":-0.5408075451850891,"y":-0.8880165219306946,"z":-1.4767498970031739},"rotation":{"x":0.04333687573671341,"y":-0.9393026828765869,"z":0.31482186913490298,"w":0.12930062413215638},"size":1.8073949813842774,"orthographic":false}